{"image": "IMG_8454.JPG", "crop": {"unit": "%", "x": 17.32804232804234, "y": 10.41666666666666, "width": 74.33862433862434, "height": 71.42857142857143}}
{"image": "IMG_8461.JPG", "crop": {"unit": "%", "x": 25.264550264550216, "y": 7.341269841269833, "width": 57.275132275132265, "height": 65.47619047619048}}
{"image": "IMG_8463.JPG", "crop": {"unit": "%", "x": 16.666666666666664, "y": 17.757936507936474, "width": 71.56084656084658, "height": 50.5952380952381}}
{"image": "IMG_8480.JPG", "crop": {"unit": "%", "x": 28.968253968253943, "y": 17.5595238095238, "width": 44.576719576719576, "height": 41.66666666666667}}
{"image": "IMG_8482.JPG", "crop": {"unit": "%", "x": 23.148148148148167, "y": 17.559523809523828, "width": 48.28042328042328, "height": 49.007936507936506}}
{"image": "IMG_8484.JPG", "crop": {"unit": "%", "x": 15.873015873015866, "y": 8.134920634920702, "width": 72.4867724867725, "height": 66.86507936507937}}
{"image": "IMG_8493.JPG", "crop": {"unit": "%", "x": 21.825396825396897, "y": 20.3373015873016, "width": 56.34920634920636, "height": 51.98412698412699}}
{"image": "IMG_8495.JPG", "crop": {"unit": "%", "x": 20.899470899470955, "y": 17.361111111111068, "width": 58.994708994709, "height": 35.51587301587303}}
{"image": "IMG_8497.JPG", "crop": {"unit": "%", "x": 22.48677248677247, "y": 14.78174603174608, "width": 58.46560846560847, "height": 65.87301587301586}}
{"image": "IMG_8506.JPG", "crop": {"unit": "%", "x": 25.365344467640917, "y": 25.591098748261498, "width": 40.91858037578288, "height": 36.43949930458971}}
{"image": "IMG_8508.JPG", "crop": {"unit": "%", "x": 21.296296296296223, "y": 22.023809523809508, "width": 51.98412698412699, "height": 48.01587301587302}}
{"image": "IMG_8510.JPG", "crop": {"unit": "%", "x": 19.312169312169274, "y": 24.801587301587297, "width": 59.656084656084666, "height": 28.968253968253972}}
{"image": "IMG_8512.JPG", "crop": {"unit": "%", "x": 17.432150313152334, "y": 18.915159944367076, "width": 60.75156576200418, "height": 57.719054242002784}}
{"image": "IMG_8514.JPG", "crop": {"unit": "%", "x": 27.557411273486426, "y": 28.2336578581363, "width": 47.390396659707726, "height": 39.77746870653686}}
{"image": "IMG_8516.JPG", "crop": {"unit": "%", "x": 24.947807933194156, "y": 28.51182197496523, "width": 58.35073068893527, "height": 47.009735744089014}}
{"image": "IMG_8520.JPG", "crop": {"unit": "%", "x": 19.41544885177461, "y": 27.12100139082058, "width": 63.15240083507307, "height": 42.698191933240615}}
{"image": "IMG_8524.JPG", "crop": {"unit": "%", "x": 26.722338204592887, "y": 35.04867872044507, "width": 50.10438413361169, "height": 30.04172461752434}}
{"image": "IMG_8528.JPG", "crop": {"unit": "%", "x": 21.031746031745993, "y": 21.62698412698405, "width": 61.904761904761905, "height": 40.17857142857143}}
{"image": "IMG_8530.JPG", "crop": {"unit": "%", "x": 28.04232804232804, "y": 25.7936507936508, "width": 54.232804232804234, "height": 54.166666666666664}}
{"image": "IMG_8532.JPG", "crop": {"unit": "%", "x": 16.13756613756616, "y": 27.9761904761905, "width": 63.35978835978836, "height": 29.66269841269841}}
{"image": "IMG_8534.JPG", "crop": {"unit": "%", "x": 31.002087682672226, "y": 25.173852573018117, "width": 35.59498956158664, "height": 34.21418636995828}}
{"image": "IMG_8536.JPG", "crop": {"unit": "%", "x": 27.645502645502646, "y": 23.41269841269841, "width": 46.03174603174603, "height": 48.71031746031746}}
{"image": "IMG_8540.JPG", "crop": {"unit": "%", "x": 23.809523809523775, "y": 13.293650793650771, "width": 53.3068783068783, "height": 53.86904761904761}}
{"image": "IMG_8542.JPG", "crop": {"unit": "%", "x": 26.058201058201043, "y": 10.416666666666714, "width": 47.354497354497354, "height": 63.988095238095234}}
{"image": "IMG_8545.JPG", "crop": {"unit": "%", "x": 26.058201058201064, "y": 16.468253968254007, "width": 61.64021164021163, "height": 61.011904761904766}}
{"image": "IMG_8552.JPG", "crop": {"unit": "%", "x": 27.348643006263075, "y": 25.034770514603615, "width": 47.18162839248434, "height": 47.56606397774687}}
{"image": "IMG_8554.JPG", "crop": {"unit": "%", "x": 35.185185185185176, "y": 11.21031746031746, "width": 44.97354497354497, "height": 46.82539682539682}}
{"image": "IMG_8556.JPG", "crop": {"unit": "%", "x": 24.47089947089947, "y": 14.384920634920634, "width": 51.98412698412699, "height": 41.964285714285715}}
{"image": "IMG_8558.JPG", "crop": {"unit": "%", "x": 15.476190476190407, "y": 20.138888888888903, "width": 66.53439153439152, "height": 43.551587301587304}}
{"image": "IMG_8560.JPG", "crop": {"unit": "%", "x": 14.02116402116402, "y": 18.74999999999997, "width": 61.50793650793651, "height": 57.24206349206348}}
{"image": "IMG_8565.JPG", "crop": {"unit": "%", "x": 26.71957671957675, "y": 31.74603174603174, "width": 49.603174603174594, "height": 27.083333333333332}}
{"image": "IMG_8567.JPG", "crop": {"unit": "%", "x": 22.619047619047482, "y": 31.349206349206337, "width": 55.55555555555556, "height": 32.93650793650794}}
{"image": "IMG_8569.JPG", "crop": {"unit": "%", "x": 32.142857142857146, "y": 30.158730158730172, "width": 39.94708994708995, "height": 36.80555555555556}}
{"image": "IMG_8571.JPG", "crop": {"unit": "%", "x": 12.830687830687602, "y": 20.83333333333336, "width": 70.63492063492063, "height": 52.182539682539684}}
{"image": "IMG_8574.JPG", "crop": {"unit": "%", "x": 25.132275132275133, "y": 31.547619047619047, "width": 56.481481481481474, "height": 33.63095238095239}}
{"image": "IMG_8579.JPG", "crop": {"unit": "%", "x": 26.851851851851855, "y": 11.904761904761903, "width": 48.94179894179894, "height": 78.17460317460318}}
{"image": "IMG_8583.JPG", "crop": {"unit": "%", "x": 22.75132275132275, "y": 27.18253968253968, "width": 59.25925925925925, "height": 34.226190476190474}}
{"image": "IMG_8587.JPG", "crop": {"unit": "%", "x": 20.5026455026455, "y": 10.714285714285714, "width": 65.07936507936508, "height": 77.48015873015873}}
{"image": "IMG_8591.JPG", "crop": {"unit": "%", "x": 20.37037037037037, "y": 31.547619047619047, "width": 66.53439153439153, "height": 37.797619047619044}}
{"image": "IMG_8594.JPG", "crop": {"unit": "%", "x": 25.661375661375658, "y": 10.019841269841248, "width": 62.43386243386243, "height": 84.52380952380952}}
{"image": "IMG_8596.JPG", "crop": {"unit": "%", "x": 18.37160751565762, "y": 21.279554937413074, "width": 66.38830897703549, "height": 60.500695410292074}}
{"image": "IMG_8598.JPG", "crop": {"unit": "%", "x": 15.211640211640212, "y": 25.496031746031733, "width": 74.20634920634922, "height": 43.84920634920635}}
{"image": "IMG_8600.JPG", "crop": {"unit": "%", "x": 12.3015873015873, "y": 20.833333333333336, "width": 70.10582010582011, "height": 40.27777777777778}}
{"image": "IMG_8602.JPG", "crop": {"unit": "%", "x": 22.222222222222218, "y": 17.75793650793645, "width": 59.12698412698414, "height": 60.912698412698404}}
{"image": "IMG_8606.JPG", "crop": {"unit": "%", "x": 16.534391534391524, "y": 29.464285714285708, "width": 67.85714285714286, "height": 35.019841269841265}}
{"image": "IMG_8608.JPG", "crop": {"unit": "%", "x": 37.698412698412696, "y": 22.71825396825397, "width": 30.82010582010582, "height": 30.952380952380953}}
{"image": "IMG_8610.JPG", "crop": {"unit": "%", "x": 25.396825396825378, "y": 22.023809523809508, "width": 50.661375661375665, "height": 48.61111111111111}}
{"image": "IMG_8612.JPG", "crop": {"unit": "%", "x": 18.121693121693124, "y": 25.5952380952381, "width": 64.02116402116401, "height": 37.99603174603175}}
{"image": "IMG_8614.JPG", "crop": {"unit": "%", "x": 22.22222222222221, "y": 16.46825396825397, "width": 62.03703703703704, "height": 69.94047619047619}}
{"image": "IMG_8616.JPG", "crop": {"unit": "%", "x": 15.873015873015872, "y": 9.920634920634921, "width": 76.05820105820106, "height": 68.05555555555556}}
{"image": "IMG_8618.JPG", "crop": {"unit": "%", "x": 23.28042328042328, "y": 18.75, "width": 49.074074074074076, "height": 64.28571428571429}}
{"image": "IMG_8620.JPG",